__v,_id,name,password,regTime,username,uuid
0,61d7d9913b1814d8fbbae252,VAN哥,123,2022-01-07 14:11:29,cxttt,editor-uuid
0,61d7e3388bb2102ae07bbec2,通哥,123,2022-01-07 14:52:40,cxt,user1-uuid
0,61d82d23120f320f4618058c,123,123,2022-01-07 20:08:03,cxt3,admin-uuid
0,61d8319c4a4f915c6dfde8e6,123123,123123,2022-01-07 20:27:08,123123,admin-uuid
0,61d831a14a4f915c6dfde8ea,asd,sdsad,2022-01-07 20:27:13,fffffcz,admin-uuid
0,61d831a44a4f915c6dfde8ee,adsfadfs,asdfsdaf,2022-01-07 20:27:16,fadsdasf,admin-uuid
0,61d831a84a4f915c6dfde8f2,adsv,asdvadv,2022-01-07 20:27:20,sdvasv,admin-uuid
0,61d831b14a4f915c6dfde8f8,fasasf,asfasffsa,2022-01-07 20:27:29,fasfasfas,admin-uuid
0,61d831b64a4f915c6dfde8fc,ww,www,2022-01-07 20:27:34,wwwwwwwwww,admin-uuid
0,61d831d24a4f915c6dfde902,123sad,123sa ,2022-01-07 20:28:02,阿斯顿撒旦,admin-uuid
0,61d831db4a4f915c6dfde908,fasasffsa,fsasaffsa,2022-01-07 20:28:11,ffsafsasf,admin-uuid
0,61d831ef4a4f915c6dfde90e,123123,cdaaad,2022-01-07 20:28:31,sdaffdsafdsccacds,admin-uuid
0,61dbaaab4afe1ba13bcc884c,我草草草草草草草草草草,123,2022-01-10 11:40:27,wocao,user1-uuid
0,61e0219eca017c1ad2968d8e,123,123,2022-01-13 20:57:02,asd,admin-uuid
0,61e0224cca017c1ad2968d9e,fuckyou,123,2022-01-13 20:59:56,fff,admin-uuid
0,61e2deebdc8407f8dcb0188d,123,123,2022-01-15 22:49:15,cxt123,user1-uuid
0,61e66797e300e749455f50aa,123,123,2022-01-18 15:09:11,ass,admin-uuid
0,61e667c7e300e749455f50b4,123,123,2022-01-18 15:09:59,asdasd,user-uuid
0,61e6684430d06e3a3c0baa2e,123,123,2022-01-18 15:12:04,asddd,user-uuid
0,61e6687921a8442e7036c5f7,123,123,2022-01-18 15:12:57,asdff,user-uuid
0,61e668c1c370affe24b236f1,123,123,2022-01-18 15:14:09,hello,user-uuid
0,61e668f796c127abd21ad890,ff,fff,2022-01-18 15:15:03,123fff,user-uuid
0,61e66de896c127abd21ad8d3,ddd,sss,2022-01-18 15:36:08,aaa,user-uuid
0,61e676cae8d905cd76604b33,hh,hh,2022-01-18 16:14:02,hh,admin-uuid
0,61e6781b9a0d171e9debe1f4,asf,asf,2022-01-18 16:19:39,asf,editor-uuid
0,61e6786f9a0d171e9debe204,shit,123,2022-01-18 16:21:03,shit,user1-uuid